AOA,injection_location,injection_slot_size,predicted_cl,predicted_cd
0,5,0.5,-0.06984080154364247,0.3246882584034701
1,5,0.5,-0.02241007128481909,0.34021510236373126
2,5,0.5,0.02331280989589332,0.3548554940567115
3,5,0.5,0.06903569107660601,0.37072986267312086
4,5,0.5,0.11489892871103471,0.38778459426463024
5,5,0.5,0.1581572931575533,0.4049353799232082
6,5,0.5,0.1966562786902894,0.42208616558178597
7,5,0.5,0.23081463726861517,0.441870943844536
8,5,0.5,0.2648397141858398,0.4620706795800696
9,5,0.5,0.2989067565135811,0.4801831112331109
10,5,0.5,0.33590455938407293,0.49749699340819714
11,5,0.5,0.3721190429096308,0.5123362173701443
12,5,0.5,0.4068704182012782,0.5274260730262939
13,5,0.5,0.4416083784238836,0.5431227777772133
14,5,0.5,0.47345438642326537,0.558775291031357
15,5,0.5,0.5021519001664603,0.573965118788041
16,5,0.5,0.5268184319920786,0.5891549465447251
17,5,0.5,0.5479615854739073,0.6043447743014094
18,5,0.5,0.5691106218608306,0.6196111344997718
19,5,0.5,0.5892508333693809,0.6350319867274447
20,5,0.5,0.6102629422365793,0.6504528389551177
21,5,0.5,0.6307717078022794,0.6660994599261603
22,5,0.5,0.6452580029045809,0.6818976256692506
23,5,0.5,0.6523271053570352,0.6968145724107332
24,5,0.5,0.6501903656269588,0.7100369457065729
25,5,0.5,0.6480343708197351,0.7263034144515627
26,5,0.5,0.6464152015734814,0.7417560491769635
27,5,0.5,0.6467064447103916,0.7571419321160128
28,5,0.5,0.6466960290717421,0.7727584049765323
0,5,1.0,-0.10717211302445113,0.07210605653012646
1,5,1.0,-0.05998079646277468,0.09254618238629071
2,5,1.0,-0.013693364593757223,0.11368029200189862
3,5,1.0,0.03285410075565923,0.13446631666418868
4,5,1.0,0.07939930269387521,0.15430087087654448
5,5,1.0,0.12550006231916727,0.17299071444630693
6,5,1.0,0.16852704149003495,0.1912488795126604
7,5,1.0,0.20974823054759673,0.20893092852627032
8,5,1.0,0.2480434405667823,0.2261469556264029
9,5,1.0,0.2853278855400102,0.2431662171461832
10,5,1.0,0.3226123305132382,0.26108224137493014
11,5,1.0,0.35989677548646604,0.28170841171582156
12,5,1.0,0.3971812204596938,0.30155786253730044
13,5,1.0,0.4312424279263715,0.31919848930553857
14,5,1.0,0.4552959807382387,0.3368391160737771
15,5,1.0,0.47793154599961213,0.3544797428420156
16,5,1.0,0.5020193353385742,0.372120369610254
17,5,1.0,0.5281745228775234,0.39013066807330316
18,5,1.0,0.5552404598216658,0.408919382466532
19,5,1.0,0.5815798031000359,0.42883271809398843
20,5,1.0,0.602188127309566,0.4487616802718917
21,5,1.0,0.6182182917142305,0.4667388307552501
22,5,1.0,0.634845651859703,0.4835052903766757
23,5,1.0,0.6524478661419,0.5027700336637426
24,5,1.0,0.6549374615133541,0.5221298541751174
25,5,1.0,0.6560760736695066,0.5409520595737932
26,5,1.0,0.6565725447086705,0.5607935799253981
27,5,1.0,0.6550712555086498,0.5808640048864685
28,5,1.0,0.6512100903554126,0.6009344298475389
0,5,1.5,-0.29190878981889573,-0.18719284092656152
1,5,1.5,-0.24812718596612893,-0.17227229133562283
2,5,1.5,-0.20392123153096187,-0.15704677689506313
3,5,1.5,-0.15934914464999286,-0.1407522827318322
4,5,1.5,-0.11146686881090787,-0.12386910371160754
5,5,1.5,-0.060493361808129004,-0.10584409887508477
6,5,1.5,-0.009503599293381806,-0.08550324270421684
7,5,1.5,0.04082272179349025,-0.06405794308519565
8,5,1.5,0.08976941197513352,-0.042523824645377725
9,5,1.5,0.13734947521536747,-0.021084292428309268
10,5,1.5,0.1796663785500328,-0.0005145364576151362
11,5,1.5,0.22027068154020152,0.020045044664299086
12,5,1.5,0.2617691223596595,0.04237797998212127
13,5,1.5,0.30090669448194635,0.06630364344180949
14,5,1.5,0.3311927632519406,0.09074964916750479
15,5,1.5,0.3611521369070125,0.11217280998158487
16,5,1.5,0.39105551256781396,0.1334679930020135
17,5,1.5,0.41896660643507105,0.15510788451788726
18,5,1.5,0.44437649808738405,0.17703849335382799
19,5,1.5,0.46950554009546047,0.2000210838902473
20,5,1.5,0.4959085620662293,0.22321334383471803
21,5,1.5,0.5183535026496255,0.24640560377918852
22,5,1.5,0.5373307126918729,0.2706521091748691
23,5,1.5,0.5549412304700407,0.2932880978555595
24,5,1.5,0.5706442573581034,0.31551835449903
25,5,1.5,0.5867133409640517,0.3377486111425008
26,5,1.5,0.5908624752166902,0.35997886778597143
27,5,1.5,0.5887850762186884,0.38324738611375675
28,5,1.5,0.5863467448213799,0.408359940697903
0,5,2.0,-0.4043451693808942,-0.3698427851836261
1,5,2.0,-0.35864674201844005,-0.3532798431479308
2,5,2.0,-0.31107232531119716,-0.3363061733083657
3,5,2.0,-0.261826860298905,-0.3190343629702732
4,5,2.0,-0.21239047429009472,-0.29985102213285075
5,5,2.0,-0.16219382435376808,-0.2788328251095979
6,5,2.0,-0.11255366341827713,-0.2574779506718389
7,5,2.0,-0.06845219299529773,-0.23620826490578817
8,5,2.0,-0.02607527049099831,-0.215969576490871
9,5,2.0,0.013820655244302399,-0.19577141835912715
10,5,2.0,0.054147363006682214,-0.17716619858385646
11,5,2.0,0.09267014660815837,-0.1576253842797627
12,5,2.0,0.1276901028370132,-0.13795955550275119
13,5,2.0,0.1614528271724065,-0.1176443471342314
14,5,2.0,0.19408395662642686,-0.09716915940373279
15,5,2.0,0.22859989490304056,-0.07669397167323451
16,5,2.0,0.2628300929076665,-0.057783763634267196
17,5,2.0,0.29435774920903407,-0.03990070749699741
18,5,2.0,0.3231542578632666,-0.02054787288377831
19,5,2.0,0.3516960485075763,0.001638425177703573
20,5,2.0,0.37988698848722835,0.0253148889309789
21,5,2.0,0.4033442300561707,0.04899135268425399
22,5,2.0,0.4251016811068003,0.07342872297572521
23,5,2.0,0.4492374236505953,0.09939448984314646
24,5,2.0,0.47272541071903756,0.12706502485646265
25,5,2.0,0.4944365768446957,0.15447242649853316
26,5,2.0,0.5089957647698038,0.18205943893891968
27,5,2.0,0.5233828934989326,0.2096966350213641
28,5,2.0,0.5377700222280617,0.2373338311038083
0,5,2.5,-0.4425955633204151,-0.4187827160284526
1,5,2.5,-0.4021117826174414,-0.40947248185637636
2,5,2.5,-0.3614498620963309,-0.39855581089176656
3,5,2.5,-0.31947341691007985,-0.38545015609002475
4,5,2.5,-0.2758369235379321,-0.37234450128828284
5,5,2.5,-0.23498234810523477,-0.3563719482673323
6,5,2.5,-0.19491279003219963,-0.33848926671683877
7,5,2.5,-0.15821029267291115,-0.32089176289157284
8,5,2.5,-0.12269980380193378,-0.3035274848074262
9,5,2.5,-0.08686499334310349,-0.2853626785233679
10,5,2.5,-0.04975635735789516,-0.26538387157624493
11,5,2.5,-0.011762220568368759,-0.2470249993970372
12,5,2.5,0.02623191622115778,-0.22753806426637985
13,5,2.5,0.06410859627884724,-0.20417725476468865
14,5,2.5,0.09874350067991514,-0.17804685879571203
15,5,2.5,0.13492638703284923,-0.1518255620292072
16,5,2.5,0.16875148407075763,-0.12560426526270263
17,5,2.5,0.20157510333262435,-0.09909574020681777
18,5,2.5,0.23425933043402797,-0.07363368503104109
19,5,2.5,0.2678375710570457,-0.04935526144666804
20,5,2.5,0.3020645595604051,-0.025728417806387197
21,5,2.5,0.33368775390358646,-0.0021015741661070675
22,5,2.5,0.364487883093291,0.02173284708424858
23,5,2.5,0.39664564747524883,0.045910514524200516
24,5,2.5,0.42843399886483885,0.07041776290294326
25,5,2.5,0.4576426964624594,0.09457065223073972
26,5,2.5,0.4758104873034911,0.11842447182351402
27,5,2.5,0.4935815498287041,0.14253074744254224
28,5,2.5,0.511607023708357,0.16655847864447132
0,10,0.5,0.037751511210776786,0.41310717808713376
1,10,0.5,0.08611185147990516,0.42939579421827184
2,10,0.5,0.1332647816116557,0.44510852438347664
3,10,0.5,0.17881531833093361,0.46064647891959715
4,10,0.5,0.22124562774094303,0.4753737505762045
5,10,0.5,0.2631238756000955,0.4902384910080417
6,10,0.5,0.2993428536407431,0.5074697351641179
7,10,0.5,0.3354800992903007,0.5234634702834066
8,10,0.5,0.37161734493985815,0.5409587545030087
9,10,0.5,0.4079128204940762,0.5603781096120054
10,10,0.5,0.44139340230129437,0.579996586543425
11,10,0.5,0.4716014433484382,0.599615063474845
12,10,0.5,0.5018613542651869,0.6192335404062644
13,10,0.5,0.5360840453851421,0.6365236966488691
14,10,0.5,0.5670759907663105,0.6534178441280688
15,10,0.5,0.5947812448396914,0.6703119916072682
16,10,0.5,0.6224864989130732,0.6869662978590461
17,10,0.5,0.6442065630360543,0.7026681889222136
18,10,0.5,0.6622713826897308,0.7182417424901496
19,10,0.5,0.6813317963683054,0.7338125077367738
20,10,0.5,0.6966220904994711,0.7495728110822498
21,10,0.5,0.7128340694048767,0.7682272274568257
22,10,0.5,0.7248341797838638,0.7868816438314017
23,10,0.5,0.7262988118837159,0.8061417271230868
24,10,0.5,0.7250620650630499,0.826113019839955
25,10,0.5,0.7238253182423835,0.8423661127333969
26,10,0.5,0.7225885714217175,0.8564979170046066
27,10,0.5,0.7214203633808374,0.8704198430122995
28,10,0.5,0.7205411505348636,0.8823336679937376
0,10,1.0,-0.025117768652545273,0.13704943563188693
1,10,1.0,0.023634470999961674,0.15682721451296
2,10,1.0,0.07123826913788012,0.17793480768197784
3,10,1.0,0.11772100096097732,0.19895161899983832
4,10,1.0,0.16394109598992912,0.2198674814786742
5,10,1.0,0.20859295982116827,0.23958435688618873
6,10,1.0,0.2531913436457278,0.2592919258384018
7,10,1.0,0.29649363924243605,0.2789994947906146
8,10,1.0,0.33564228798099527,0.29775988170602746
9,10,1.0,0.3723203496234095,0.31613067795621685
10,10,1.0,0.41015774557308277,0.33456142565625463
11,10,1.0,0.4467325403131723,0.353069808355827
12,10,1.0,0.4820601529399228,0.37420832254757735
13,10,1.0,0.5151658829953891,0.39504704956546904
14,10,1.0,0.5438970293907228,0.4158357114061945
15,10,1.0,0.5704003166064098,0.4338281567422841
16,10,1.0,0.595333818221897,0.45227307199336714
17,10,1.0,0.6172356879994811,0.4719191004457461
18,10,1.0,0.6385995005930041,0.4920148506217346
19,10,1.0,0.6589554658745054,0.5127541294408473
20,10,1.0,0.6761544263090338,0.5341324244358682
21,10,1.0,0.6932185546414207,0.5555107194308891
22,10,1.0,0.7091380963578193,0.5745146487155871
23,10,1.0,0.7137781458099894,0.5928427682676729
24,10,1.0,0.7152880115213991,0.6145671655179642
25,10,1.0,0.7130688887827652,0.6390785914070524
26,10,1.0,0.708512092634157,0.6635416904406576
27,10,1.0,0.703938707104748,0.6868723856094635
28,10,1.0,0.6977981001378231,0.708282522527751
0,10,1.5,-0.215740032489142,-0.14757520534836122
1,10,1.5,-0.17157451175763874,-0.13000429530734153
2,10,1.5,-0.12694528793384277,-0.11263099728360183
3,10,1.5,-0.08129246071166436,-0.09409489197718969
4,10,1.5,-0.03595851647919006,-0.07435146751894557
5,10,1.5,0.008656197952177286,-0.05480810138292681
6,10,1.5,0.054951659571027045,-0.03526683580520708
7,10,1.5,0.09977257656106767,-0.01581566047865414
8,10,1.5,0.14786038532511117,0.003635514847898688
9,10,1.5,0.19633943329838083,0.0230866901744516
10,10,1.5,0.2458340876693072,0.042537865501004316
11,10,1.5,0.2857887486600267,0.06299487036472427
12,10,1.5,0.32589088130393995,0.08574951244006813
13,10,1.5,0.363089482538557,0.10986506898018829
14,10,1.5,0.40002997176778804,0.13608351850035622
15,10,1.5,0.4327136867454688,0.16457001705638868
16,10,1.5,0.46644629750693994,0.1907924624515689
17,10,1.5,0.4972010760982893,0.21463722800447044
18,10,1.5,0.5247603741163438,0.23927196320952676
19,10,1.5,0.553620654138731,0.2640432708318285
20,10,1.5,0.5802833465583497,0.28881457845413044
21,10,1.5,0.6050997336892907,0.31358588607643256
22,10,1.5,0.6274039334029602,0.33835719369873446
23,10,1.5,0.646851581426878,0.3619316956055341
24,10,1.5,0.6600911767358728,0.3842941695366031
25,10,1.5,0.6588899400227342,0.4089062462330693
26,10,1.5,0.6562350998893671,0.43377768774286324
27,10,1.5,0.6535802597560001,0.45864912925265683
28,10,1.5,0.6510713534230104,0.48352057076245086
0,10,2.0,-0.33918593873326314,-0.3566731192342421
1,10,2.0,-0.29240840647709726,-0.3392160944735794
2,10,2.0,-0.24522550304501187,-0.3217590697129166
3,10,2.0,-0.19945582415701657,-0.30425961323979994
4,10,2.0,-0.1554124857358178,-0.28618994574077766
5,10,2.0,-0.10913442636748152,-0.26594389825950077
6,10,2.0,-0.062057997828382706,-0.24457260847621204
7,10,2.0,-0.016493179781908757,-0.2231672397499116
8,10,2.0,0.029396398444242217,-0.20176187102361165
9,10,2.0,0.07528597667039322,-0.1803631024511953
10,10,2.0,0.11923426879636462,-0.15975526546232743
11,10,2.0,0.16123136231042767,-0.13850146620293413
12,10,2.0,0.20117259794565412,-0.11696171089235459
13,10,2.0,0.2363050667714044,-0.09542195558177514
14,10,2.0,0.270442871268293,-0.07234343301849584
15,10,2.0,0.30378086717854574,-0.04784248382165514
16,10,2.0,0.3380717623052328,-0.018648171856983406
17,10,2.0,0.3685625908292069,0.010951607086142554
18,10,2.0,0.39747639701066495,0.04036377914709903
19,10,2.0,0.4257417844558005,0.06734307033900465
20,10,2.0,0.4535288179432097,0.0942805738618744
21,10,2.0,0.4787763743501902,0.12053089476126187
22,10,2.0,0.5028809740924467,0.14619326463954158
23,10,2.0,0.5265561808425652,0.17189644158146583
24,10,2.0,0.5480819275804536,0.19764658297524829
25,10,2.0,0.5694856878562367,0.22312965636215037
26,10,2.0,0.5839696162566452,0.24852532925691384
27,10,2.0,0.5978868959819965,0.2750904601657673
28,10,2.0,0.6066456332446968,0.3042392179736276
0,10,2.5,-0.3957529661118233,-0.40382469657673536
1,10,2.5,-0.3537010983850187,-0.3922863897920664
2,10,2.5,-0.3112884788834106,-0.37994298782026475
3,10,2.5,-0.2668913961389252,-0.36666231516750863
4,10,2.5,-0.22152015887592577,-0.35174651546277413
5,10,2.5,-0.1759629706315734,-0.33624554795672573
6,10,2.5,-0.1327151294396312,-0.31940722352975076
7,10,2.5,-0.09136080283649936,-0.3005826410614962
8,10,2.5,-0.04990330457579942,-0.27822510520161203
9,10,2.5,-0.008814050869414919,-0.25575246393133105
10,10,2.5,0.030378729614657915,-0.23269278575480262
11,10,2.5,0.07098795809441696,-0.20798586146450998
12,10,2.5,0.11054678293646963,-0.1837301016751955
13,10,2.5,0.15096908992208657,-0.1607735941473503
14,10,2.5,0.19199857969533457,-0.1378979615035146
15,10,2.5,0.229857676275026,-0.11210168210502128
16,10,2.5,0.2674980041830918,-0.08565909056934418
17,10,2.5,0.30346585846270463,-0.05867044345366723
18,10,2.5,0.3394730909399682,-0.030194644066353832
19,10,2.5,0.37435769135502106,-0.001593951095099716
20,10,2.5,0.40796438149130837,0.025759544095885004
21,10,2.5,0.438493061592584,0.05105708918674624
22,10,2.5,0.4689321174077394,0.075690503722375
23,10,2.5,0.5004170625888134,0.10016879202607153
24,10,2.5,0.5315396054920081,0.12464708032976758
25,10,2.5,0.561166078334491,0.14843521139974952
26,10,2.5,0.5844677326963761,0.1729381352864089
27,10,2.5,0.603560293405494,0.19789191022084635
28,10,2.5,0.6213636432215643,0.22485118748313493
0,15,0.5,0.13742635569582345,0.4908498171752221
1,15,0.5,0.18307823626835518,0.5076454575196102
2,15,0.5,0.2277926335201853,0.5247813004157963
3,15,0.5,0.27250703077201555,0.5419035105715012
4,15,0.5,0.3151914738544617,0.5587716098932586
5,15,0.5,0.3555099955387265,0.5740306644510609
6,15,0.5,0.3941839321593827,0.5892414725016375
7,15,0.5,0.4289763963664364,0.6044522805522138
8,15,0.5,0.4637560488563028,0.6205618008385022
9,15,0.5,0.49744229487445096,0.6393897090363603
10,15,0.5,0.530295921991172,0.6589053763847578
11,15,0.5,0.5608861667225356,0.6784210437331549
12,15,0.5,0.5920988599736441,0.6981731226879438
13,15,0.5,0.622376855673763,0.7173688312005877
14,15,0.5,0.6502181709117338,0.736647565984473
15,15,0.5,0.6776299527742495,0.7543064645993381
16,15,0.5,0.7071648264091406,0.7711650588628053
17,15,0.5,0.7367854252782833,0.7920241826460015
18,15,0.5,0.7587111073019155,0.8128833064291979
19,15,0.5,0.7739111703387374,0.8322111446190773
20,15,0.5,0.7864581942780762,0.849122190027251
21,15,0.5,0.8015237118888323,0.8657830785901074
22,15,0.5,0.8040509454151525,0.8824049701853293
23,15,0.5,0.8051178759772066,0.8991843462223291
24,15,0.5,0.8036978510759307,0.9168465506004636
25,15,0.5,0.8025007961439121,0.9327308235974398
26,15,0.5,0.8020780392385429,0.9452849905040649
27,15,0.5,0.8009239253989695,0.95730288429455
28,15,0.5,0.8000240458475003,0.970345518732478
0,15,1.0,0.052029474879740134,0.21166915615251397
1,15,1.0,0.09817108176078562,0.231697603245149
2,15,1.0,0.14430368481106895,0.25159169770601064
3,15,1.0,0.19051334931116748,0.27148579216687196
4,15,1.0,0.23626859612033613,0.2929383659472312
5,15,1.0,0.28186235028612205,0.3145443150487403
6,15,1.0,0.3274394571762237,0.3361387462630252
7,15,1.0,0.3702709880224676,0.3560653659416175
8,15,1.0,0.41353275606603634,0.37491292900529166
9,15,1.0,0.45075854830269874,0.39372974703714014
10,15,1.0,0.4870430192902491,0.41254656506898874
11,15,1.0,0.5212295385026884,0.43040055828304585
12,15,1.0,0.5559919656071755,0.4495250419550259
13,15,1.0,0.5926696420607356,0.472179381140252
14,15,1.0,0.6250322797239756,0.49473370743132866
15,15,1.0,0.6559550472539453,0.5172217473336564
16,15,1.0,0.6821432439143049,0.5405788458185826
17,15,1.0,0.707439309665157,0.5623717172989172
18,15,1.0,0.7299806958651223,0.5833170536257282
19,15,1.0,0.7481708563661511,0.6042623899525393
20,15,1.0,0.7627917184909794,0.6257112458012586
21,15,1.0,0.7717836609531175,0.6497496455654314
22,15,1.0,0.7696201216676652,0.6737880453296045
23,15,1.0,0.7700075153474859,0.6956916208719608
24,15,1.0,0.7689787713625869,0.716706286320965
25,15,1.0,0.7672241882055753,0.7407715817271546
26,15,1.0,0.7654410312128843,0.7631612308194344
27,15,1.0,0.7636578742201932,0.7846607255038738
28,15,1.0,0.7604123052082683,0.8061602201883131
0,15,1.5,-0.12641392632286114,-0.10438596382502542
1,15,1.5,-0.08185211138070893,-0.08455934389040536
2,15,1.5,-0.039949128137297896,-0.06485967910379802
3,15,1.5,0.0024259140976904403,-0.04508398803123041
4,15,1.5,0.04534284001952582,-0.02526016809540231
5,15,1.5,0.08825976594136137,-0.005633280978327812
6,15,1.5,0.131852844677463,0.013820750774638749
7,15,1.5,0.1761376499596411,0.03327478252760509
8,15,1.5,0.22155955218151085,0.0529295216140447
9,15,1.5,0.26698309478104415,0.07384057923290206
10,15,1.5,0.31354932453856543,0.09531815214229657
11,15,1.5,0.36335754625493494,0.11696183361211616
12,15,1.5,0.4074177776355811,0.14080817515870148
13,15,1.5,0.4461140055569482,0.1665525059377389
14,15,1.5,0.48430399698953036,0.19278052154866127
15,15,1.5,0.5229479947524756,0.22118141833850297
16,15,1.5,0.5580476274963662,0.2505302389912927
17,15,1.5,0.5908648328316797,0.27963380026164625
18,15,1.5,0.621724406519252,0.3079127479163531
19,15,1.5,0.6533617059549286,0.33272307089246284
20,15,1.5,0.6794101224762414,0.35696847204959015
21,15,1.5,0.7035721762657035,0.38120394410632474
22,15,1.5,0.7248497964142959,0.4068292738981772
23,15,1.5,0.7451826722022439,0.4331239064551628
24,15,1.5,0.7480634242921937,0.45941825570733147
25,15,1.5,0.7464716291341857,0.48459306315237266
26,15,1.5,0.7448798339761773,0.5107731429839257
27,15,1.5,0.7432880388181693,0.5399610448484568
28,15,1.5,0.742750158638497,0.5692553471529337
0,15,2.0,-0.26687291915195877,-0.33197005424935605
1,15,2.0,-0.21996186168268786,-0.317771210714622
2,15,2.0,-0.17460717182922378,-0.3001677276679713
3,15,2.0,-0.1303179195344482,-0.2823651736312083
4,15,2.0,-0.08668094267341214,-0.2644024604927291
5,15,2.0,-0.04191982437652471,-0.24528732017724675
6,15,2.0,0.0049176334732947,-0.22323458504480642
7,15,2.0,0.05233738116144687,-0.20103746524608385
8,15,2.0,0.10172125067332802,-0.17802878313795545
9,15,2.0,0.1511726373194851,-0.15481472911565852
10,15,2.0,0.20011735499499783,-0.13122853586802496
11,15,2.0,0.24891939420357329,-0.10552808989047273
12,15,2.0,0.29628490859786305,-0.07897734588028053
13,15,2.0,0.3419706685394758,-0.05017059939983358
14,15,2.0,0.38018580009566477,-0.02195840121698507
15,15,2.0,0.4165271078614972,0.007166966738153549
16,15,2.0,0.45071295402565065,0.03739544499504942
17,15,2.0,0.4815484841102738,0.06796496747162652
18,15,2.0,0.5104428110845203,0.09960900076282837
19,15,2.0,0.5387191968071134,0.1309112790649869
20,15,2.0,0.5669955825297066,0.1615749489767559
21,15,2.0,0.5916148299557225,0.1887179351818309
22,15,2.0,0.6147119069784177,0.21575009419663388
23,15,2.0,0.63480944967405,0.24278225321143676
24,15,2.0,0.6554978220408239,0.2688261288993853
25,15,2.0,0.6763683055827041,0.2945895143193428
26,15,2.0,0.6936091369400226,0.32175135407010325
27,15,2.0,0.6954143061891513,0.3502450187720327
28,15,2.0,0.695615474220795,0.37930551920140104
0,15,2.5,-0.33705706724742907,-0.385356319112584
1,15,2.5,-0.2958887955096473,-0.37222924098650123
2,15,2.5,-0.25299310289685667,-0.3564557976890278
3,15,2.5,-0.20829415836339457,-0.34046737968817575
4,15,2.5,-0.1635899865882865,-0.32391569883559973
5,15,2.5,-0.11739570264688472,-0.3052623915341843
6,15,2.5,-0.06874560579603475,-0.28603741782983666
7,15,2.5,-0.020162652141551468,-0.26389811200937724
8,15,2.5,0.0250434923322468,-0.2401772247584853
9,15,2.5,0.07037796606272556,-0.2164563375075931
10,15,2.5,0.11706509839585888,-0.1907710717291665
11,15,2.5,0.16361578930293558,-0.1648528912157341
12,15,2.5,0.20835699584199346,-0.13893471070230137
13,15,2.5,0.25170832563985124,-0.1128036335999312
14,15,2.5,0.29506111452225775,-0.08552889265468427
15,15,2.5,0.3388280993012077,-0.061171220603952414
16,15,2.5,0.38202681508528413,-0.03492688866124824
17,15,2.5,0.421957478252942,-0.0070216863972074745
18,15,2.5,0.45912158544692877,0.020824024266858865
19,15,2.5,0.49539082137316043,0.04779655715639951
20,15,2.5,0.5292869505573146,0.07438349349762792
21,15,2.5,0.5606377339087847,0.1025603368793374
22,15,2.5,0.5913387931729084,0.1308179024166341
23,15,2.5,0.6220398524370321,0.15610354220493167
24,15,2.5,0.6508728079518451,0.18243671924032545
25,15,2.5,0.6785645930720452,0.2134546369447063
26,15,2.5,0.7002390201267725,0.2433816182380747
27,15,2.5,0.7220279824216496,0.27489479612775547
28,15,2.5,0.7383876839058607,0.30652964027849894
0,20,0.5,0.22427575289850843,0.563896215400204
1,20,0.5,0.2676674661270549,0.5803087468888873
2,20,0.5,0.3104388722582212,0.5978033743226747
3,20,0.5,0.3532102783893874,0.6136563031853817
4,20,0.5,0.3922711485079358,0.629219305281782
5,20,0.5,0.4301818422328311,0.6447823073781824
6,20,0.5,0.46933554006746575,0.6602865781114241
7,20,0.5,0.5083104091509201,0.675667873634982
8,20,0.5,0.5430330969250097,0.690339633200179
9,20,0.5,0.5776114057265334,0.7046013683481196
10,20,0.5,0.6121444223967527,0.7216742127635267
11,20,0.5,0.6462313753233007,0.7416471911341092
12,20,0.5,0.6788114679327635,0.7618864187842552
13,20,0.5,0.710560601887497,0.7851938534673684
14,20,0.5,0.7414445215197325,0.8066650225446977
15,20,0.5,0.7705088561213347,0.8279361642945726
16,20,0.5,0.7962282858389449,0.8494913302907204
17,20,0.5,0.8199809502170095,0.870123583584496
18,20,0.5,0.8434408960472135,0.8885743402181006
19,20,0.5,0.858755120498853,0.9080002260869052
20,20,0.5,0.8706953603846177,0.9274706143087427
21,20,0.5,0.8797373890346583,0.9464813800537125
22,20,0.5,0.8825086211550559,0.9648782897508715
23,20,0.5,0.8851543238771367,0.9830107241277103
24,20,0.5,0.8867316081600918,1.0003702967371573
25,20,0.5,0.8894656189635806,1.013584188011004
26,20,0.5,0.8921996297670693,1.0266414802881647
27,20,0.5,0.8949415072920013,1.04028084586425
28,20,0.5,0.8986678039986937,1.054441544430075
0,20,1.0,0.11534893920252204,0.2763021188578586
1,20,1.0,0.1639053306332423,0.29632275576044526
2,20,1.0,0.21242939840980246,0.31627167458744004
3,20,1.0,0.26084025226708846,0.33622059341443505
4,20,1.0,0.309476548990929,0.35616951224143023
5,20,1.0,0.3596082321361461,0.37596727895284393
6,20,1.0,0.4082948021189786,0.3969497772530148
7,20,1.0,0.4511395063735136,0.41790347842578196
8,20,1.0,0.49397911909328135,0.438569827043431
9,20,1.0,0.5368187318130491,0.4582841634991273
10,20,1.0,0.576149493760737,0.47819389970765197
11,20,1.0,0.6125043045814129,0.49923203906723895
12,20,1.0,0.6478354711927194,0.5202701784268259
13,20,1.0,0.6824251174163054,0.5444015881662582
14,20,1.0,0.7147692054061483,0.5675704888334865
15,20,1.0,0.7429918940371731,0.5909573383034185
16,20,1.0,0.769190307677839,0.615480186409283
17,20,1.0,0.7928025591031869,0.6430288800433881
18,20,1.0,0.8131759270450905,0.6705775736774933
19,20,1.0,0.8315483325868007,0.6967251798130774
20,20,1.0,0.8491626995557999,0.7210204513089772
21,20,1.0,0.85809787941067,0.7453157228048763
22,20,1.0,0.8633162999961199,0.7696109943007757
23,20,1.0,0.870161541360478,0.793906265796675
24,20,1.0,0.8746555985003457,0.8154390081222584
25,20,1.0,0.8753404540250556,0.834682899230764
26,20,1.0,0.8758640433489722,0.8565263166742347
27,20,1.0,0.8763876326728888,0.8783723788907587
28,20,1.0,0.8757866467032875,0.9013715180032286
0,20,1.5,-0.04042748291212471,-0.05071420934970912
1,20,1.5,0.006999066935511278,-0.031791517337519906
2,20,1.5,0.05630009488744006,-0.010444385530385444
3,20,1.5,0.1049971169663772,0.010785117125701224
4,20,1.5,0.15235317620017202,0.03181489908362321
5,20,1.5,0.200318744889037,0.053436609838449375
6,20,1.5,0.24611471051461803,0.07556110703457579
7,20,1.5,0.2911831898139842,0.09759945304765517
8,20,1.5,0.33625166911335,0.1193878416861077
9,20,1.5,0.3813201484127164,0.1409380198790125
10,20,1.5,0.4250912217386689,0.1634171560274862
11,20,1.5,0.4681907327468298,0.18700677744441774
12,20,1.5,0.5127783472829068,0.2130271078452467
13,20,1.5,0.5559802901622728,0.23904743824607594
14,20,1.5,0.5953203398695739,0.2650677686469049
15,20,1.5,0.631682986083852,0.29263250673583885
16,20,1.5,0.6648494048300919,0.3226719724051695
17,20,1.5,0.6953464699551666,0.35432838538207356
18,20,1.5,0.7264891906009798,0.3845506626499208
19,20,1.5,0.752820395601062,0.41544918790597324
20,20,1.5,0.776919405183697,0.4470509622303351
21,20,1.5,0.7999688196170893,0.4757941303048245
22,20,1.5,0.8240806587208072,0.5033578745306604
23,20,1.5,0.841169132526685,0.5327025307405541
24,20,1.5,0.8507824474740453,0.5625326291718942
25,20,1.5,0.8542112530776738,0.592444274068916
26,20,1.5,0.8556267047615664,0.6214230309836617
27,20,1.5,0.8566395497399948,0.6504103733693966
28,20,1.5,0.8576523947184223,0.6793986075249235
0,20,2.0,-0.19472109929097803,-0.29042641856616236
1,20,2.0,-0.1476097338994038,-0.27500320453286364
2,20,2.0,-0.10049836850782928,-0.25893453475153244
3,20,2.0,-0.053175883434066026,-0.23962473410507001
4,20,2.0,-0.004744164881707674,-0.21991696002454647
5,20,2.0,0.044119886576730244,-0.20020918594402293
6,20,2.0,0.0928508292282949,-0.1804637974076171
7,20,2.0,0.14150241839955832,-0.158009941253468
8,20,2.0,0.19036310203558243,-0.13497636584226297
9,20,2.0,0.24017656493874334,-0.11142701632460887
10,20,2.0,0.2897601595979702,-0.08126427629245826
11,20,2.0,0.3427478500740002,-0.04987136448800315
12,20,2.0,0.3978939941736321,-0.018233384719570464
13,20,2.0,0.4525509778431391,0.013970195071183064
14,20,2.0,0.5070602969482425,0.04603539956874721
15,20,2.0,0.5552107437556624,0.07787657378693509
16,20,2.0,0.5961844309382873,0.10907542508323574
17,20,2.0,0.6291061259276503,0.13957584202253548
18,20,2.0,0.6594481596884207,0.1711530275469354
19,20,2.0,0.6882266141370952,0.2027302130713351
20,20,2.0,0.7158491677641172,0.23355448117796956
21,20,2.0,0.7425911503734668,0.2641722729210046
22,20,2.0,0.7674298663002226,0.29546028489326537
23,20,2.0,0.7917430556232494,0.324774641087644
24,20,2.0,0.815959034767098,0.3544288813613943
25,20,2.0,0.8401750139109467,0.38449455210158406
26,20,2.0,0.8493808240373142,0.41325244697528246
27,20,2.0,0.854395054125598,0.4435875724151716
28,20,2.0,0.8579995219659078,0.47392269785506086
0,20,2.5,-0.2687646070486893,-0.3589464467716931
1,20,2.5,-0.22236651570100477,-0.3421558619658161
2,20,2.5,-0.1762070425262489,-0.32350255466440064
3,20,2.5,-0.12926320427526516,-0.304693490072403
4,20,2.5,-0.0820302447711683,-0.28477363156758917
5,20,2.5,-0.032581103174326775,-0.2638109694606942
6,20,2.5,0.01705869019250847,-0.2428483073537997
7,20,2.5,0.06854405529727117,-0.22121537587931284
8,20,2.5,0.11796292458794444,-0.19776250562966707
9,20,2.5,0.1660771884499459,-0.17314575026252899
10,20,2.5,0.21353114192034423,-0.1473094114920822
11,20,2.5,0.2609850953907422,-0.12115261143445036
12,20,2.5,0.3084390488611404,-0.09376291738391451
13,20,2.5,0.35589300233153914,-0.06637322333337814
14,20,2.5,0.40363359994422193,-0.038983529282841406
15,20,2.5,0.45102834603880876,-0.011625603930204495
16,20,2.5,0.49504533368025144,0.016658715776842664
17,20,2.5,0.5388678415805714,0.0446380332436742
18,20,2.5,0.5802300862150864,0.0729375674028457
19,20,2.5,0.6194986986713973,0.10203296288659176
20,20,2.5,0.6554799775036844,0.13155546288877162
21,20,2.5,0.69098327448692,0.16137891763514817
22,20,2.5,0.7260317214882435,0.19404900244436313
23,20,2.5,0.7589010735678714,0.22700541150691184
24,20,2.5,0.7894436318951217,0.26266665620381596
25,20,2.5,0.8169102172262754,0.2966167227940584
26,20,2.5,0.8402406303868639,0.3297624010696825
27,20,2.5,0.8609518125826661,0.3624968441259757
28,20,2.5,0.880691378618111,0.395129084330211
0,25,0.5,0.2991192620525286,0.6367521395438568
1,25,0.5,0.3404300395236191,0.6516992708909147
2,25,0.5,0.38283019855408923,0.6647204353405184
3,25,0.5,0.4244260110127361,0.6783607919238976
4,25,0.5,0.46254858582991515,0.6936968049030334
5,25,0.5,0.5006711606470939,0.7098251608508989
6,25,0.5,0.5387937354642729,0.7262606312521073
7,25,0.5,0.5769163102814521,0.7428954133679746
8,25,0.5,0.6157699517965971,0.758396275226866
9,25,0.5,0.6527813551811374,0.7746148361734105
10,25,0.5,0.6876897250262541,0.7920937492469794
11,25,0.5,0.7231479016952591,0.8098236474124706
12,25,0.5,0.7581958704711187,0.8290712245597773
13,25,0.5,0.7913178531770566,0.8492854498790029
14,25,0.5,0.8194774047795261,0.8712284032356339
15,25,0.5,0.8471853196553636,0.8935586475765068
16,25,0.5,0.8741123601613268,0.9158888919173794
17,25,0.5,0.9010394006672899,0.9382191362582518
18,25,0.5,0.9267279480206279,0.9605493805991244
19,25,0.5,0.949430990344734,0.9831127518899404
20,25,0.5,0.9700379879454337,1.0028923690373486
21,25,0.5,0.9844625904296851,1.022394666775374
22,25,0.5,0.9902843097259362,1.041896964513399
23,25,0.5,0.9961060290221868,1.059244784305519
24,25,0.5,0.9994110533813085,1.074662638321342
25,25,0.5,1.0022303561347272,1.0885633684562697
26,25,0.5,1.0050496588881457,1.1033780699182016
27,25,0.5,1.0078689616415637,1.1181764432148935
28,25,0.5,1.0093976242545402,1.1329748165115858
0,25,1.0,0.1987961044948507,0.3402893220386699
1,25,1.0,0.24927942744138798,0.36103736142790693
2,25,1.0,0.30030393672191874,0.3818916435389145
3,25,1.0,0.35175793269207545,0.40275924445704275
4,25,1.0,0.399717129386133,0.42379213612975647
5,25,1.0,0.4468924625525293,0.4447763680788635
6,25,1.0,0.49239494585203464,0.46514154217276976
7,25,1.0,0.5358192289433084,0.48498315640876827
8,25,1.0,0.5767546417556031,0.5048167367995026
9,25,1.0,0.6166973738902581,0.5270228004987665
10,25,1.0,0.6567990328886548,0.549183820635106
11,25,1.0,0.6943063154215945,0.5706903056015682
12,25,1.0,0.7258548480982405,0.5921967905680304
13,25,1.0,0.7574033807748866,0.6179100665486413
14,25,1.0,0.7898089115879796,0.6456026785471284
15,25,1.0,0.8238787305702806,0.6745205288035535
16,25,1.0,0.8544119579524514,0.7029330345620213
17,25,1.0,0.8828907879956058,0.7304993692778825
18,25,1.0,0.9056173588256804,0.7580657039937433
19,25,1.0,0.9285239490195218,0.7856320387096047
20,25,1.0,0.9542691251938562,0.8131983734254659
21,25,1.0,0.970866004975047,0.8402640998752409
22,25,1.0,0.980896141069413,0.8645646387577244
23,25,1.0,0.9895549134719084,0.8872342631927577
24,25,1.0,0.9951222175756367,0.9087001133707636
25,25,1.0,0.9967049344483685,0.9243357697988647
26,25,1.0,0.9981965543303981,0.9412639839834352
27,25,1.0,0.9996881742124277,0.9606101791891694
28,25,1.0,0.9996103599917816,0.979956374394903
0,25,1.5,0.04439669372769467,0.0009412554590572803
1,25,1.5,0.09635320785480081,0.02181231548092781
2,25,1.5,0.14830972198190673,0.04336304579898222
3,25,1.5,0.19842910840590816,0.06491377611703676
4,25,1.5,0.24616559706079927,0.08684141073404446
5,25,1.5,0.2937722177312278,0.1094394813249701
6,25,1.5,0.34137883840165656,0.1326701696255443
7,25,1.5,0.38898545907208487,0.1570749501059211
8,25,1.5,0.43659207974251363,0.1815377261852154
9,25,1.5,0.4841987004129424,0.20600050226450956
10,25,1.5,0.5317738613062433,0.23048841849803126
11,25,1.5,0.5761080299831922,0.2572406048856321
12,25,1.5,0.6178495508563755,0.2836554645283703
13,25,1.5,0.6599172265067867,0.31037629963464713
14,25,1.5,0.7020460768238612,0.33809099956322824
15,25,1.5,0.742973774738239,0.36580055802910394
16,25,1.5,0.7820368759800338,0.3946838668765883
17,25,1.5,0.8136056417141759,0.42821777179304593
18,25,1.5,0.8440361461901569,0.46317955828223617
19,25,1.5,0.8715743851241604,0.5012767048281009
20,25,1.5,0.8992633547938795,0.5372771377165315
21,25,1.5,0.9281072318333441,0.5725156041161671
22,25,1.5,0.9519513719223864,0.6061324333863229
23,25,1.5,0.9610651718605625,0.6390759381985299
24,25,1.5,0.9711943082465906,0.6692906967663234
25,25,1.5,0.9738635581453323,0.6991679816634331
26,25,1.5,0.9745958167651967,0.7280219922166902
27,25,1.5,0.9753467396334372,0.7560803699466137
28,25,1.5,0.9770999357720171,0.7822489899792194
0,25,2.0,-0.10355844936579237,-0.23111116881572796
1,25,2.0,-0.05443430257080413,-0.2142893081599746
2,25,2.0,-0.004825907155029702,-0.19840605717993254
3,25,2.0,0.0466636865056016,-0.18222579754123341
4,25,2.0,0.09996531651913881,-0.1639484560171245
5,25,2.0,0.15470644288340657,-0.14404040097475762
6,25,2.0,0.20945673136630877,-0.12366390769448389
7,25,2.0,0.2629282539551339,-0.09968873247723274
8,25,2.0,0.3153761548339035,-0.06810147694816603
9,25,2.0,0.36782405571267307,-0.03646064191279251
10,25,2.0,0.4218100284783884,-0.0048198068774188
11,25,2.0,0.4754602158319286,0.026821028157954938
12,25,2.0,0.5297678934122092,0.05846186319332854
13,25,2.0,0.5843020751931252,0.09010269822870222
14,25,2.0,0.6398611684735784,0.12174985640342907
15,25,2.0,0.6951420039826177,0.1543906065542469
16,25,2.0,0.7489346752805055,0.18701137370156068
17,25,2.0,0.7924936729676144,0.21897322385678714
18,25,2.0,0.8278217212957373,0.25210684155593344
19,25,2.0,0.8620188059996219,0.28564710040109775
20,25,2.0,0.8928570928093464,0.321035541393041
21,25,2.0,0.9214609145973485,0.35406976224103837
22,25,2.0,0.9479000200377339,0.3867328567361471
23,25,2.0,0.9726173981968882,0.4198097118780347
24,25,2.0,0.997044190478998,0.4543875612398158
25,25,2.0,1.0115344938030013,0.4883817830195866
26,25,2.0,1.0201934938380306,0.5210451429377083
27,25,2.0,1.0246341703869666,0.5541224076356106
28,25,2.0,1.0280696329701955,0.5873007836237779
0,25,2.5,-0.18335025595203713,-0.32145934760938616
1,25,2.5,-0.1361017257218064,-0.3016848915234152
2,25,2.5,-0.0884881727681511,-0.2819104354374447
3,25,2.5,-0.04082626679566785,-0.261347682303328
4,25,2.5,0.008488346348832582,-0.24038502019643343
5,25,2.5,0.060360788988015,-0.21942235808953847
6,25,2.5,0.11241853785787442,-0.19845969598264368
7,25,2.5,0.16447628672773326,-0.17693604218961534
8,25,2.5,0.21653403559759293,-0.15265749112017138
9,25,2.5,0.2655941263630431,-0.12496699598919556
10,25,2.5,0.31291211633271604,-0.09621848196334648
11,25,2.5,0.35928884317326176,-0.06746395162512032
12,25,2.5,0.4095315108699955,-0.03864865819431393
13,25,2.5,0.46026871128941266,-0.00969679217986831
14,25,2.5,0.5110059117088297,0.019426667555857688
15,25,2.5,0.5617431121282466,0.04855012729158352
16,25,2.5,0.6124803125476637,0.07767358702730921
17,25,2.5,0.6632175129670808,0.10679704676303502
18,25,2.5,0.7143019431425406,0.13699543152196014
19,25,2.5,0.7626393743964976,0.1696525323668439
20,25,2.5,0.806839287134751,0.20394752417943957
21,25,2.5,0.8441075768656991,0.23719577968616146
22,25,2.5,0.8791215153056486,0.27120501021156435
23,25,2.5,0.9134116921390796,0.3066277237887593
24,25,2.5,0.945693429338389,0.3420504373659537
25,25,2.5,0.9736591796402203,0.37812075638188203
26,25,2.5,0.9964849333361943,0.41612111569284965
27,25,2.5,1.0195318022489885,0.45252107329258967
28,25,2.5,1.0369054905881365,0.4861432647052712
0,30,0.5,0.3660146958659732,0.7104839707816477
1,30,0.5,0.4084148548964433,0.7246665363292749
2,30,0.5,0.4508150139269133,0.7385672903231674
3,30,0.5,0.4924916595530135,0.7515898409512498
4,30,0.5,0.5329769249219976,0.7643349782719127
5,30,0.5,0.5738772781325523,0.7771007790567427
6,30,0.5,0.6128693790800974,0.7926725619521
7,30,0.5,0.6541723367990515,0.808244344847458
8,30,0.5,0.6953562833928841,0.823982530733667
9,30,0.5,0.7334084095303037,0.8415558121581567
10,30,0.5,0.771447987686595,0.8592171568852688
11,30,0.5,0.8059709324548041,0.8768785016123807
12,30,0.5,0.8397090657089494,0.8962800905206085
13,30,0.5,0.8720741090711905,0.9179480640846654
14,30,0.5,0.9040595240166285,0.9389009371605744
15,30,0.5,0.9337225328071606,0.9595364820195954
16,30,0.5,0.9645211667242837,0.9819684244028942
17,30,0.5,0.9932860307559446,1.0043554906138592
18,30,0.5,1.0192143409484749,1.0266857349547314
19,30,0.5,1.046413602009123,1.0490159792956042
20,30,0.5,1.0710959045348178,1.0713462236364766
21,30,0.5,1.094108210396125,1.0936764679773494
22,30,0.5,1.1061233721985053,1.1121633604155894
23,30,0.5,1.1144104127620897,1.1296767591615584
24,30,0.5,1.1202322718133702,1.1475021749820622
25,30,0.5,1.121036158951953,1.1626383674816636
26,30,0.5,1.1216766990659146,1.1781460800989727
27,30,0.5,1.1217497367698013,1.1935188008065836
28,30,0.5,1.1201354757056585,1.2087905414406312
0,30,1.0,0.2907671393029529,0.4129030210486861
1,30,1.0,0.3439868613546277,0.43155201879879607
2,30,1.0,0.3917173568423665,0.4523262269881185
3,30,1.0,0.43665707598074704,0.47389123072436495
4,30,1.0,0.4805221550299042,0.49514506432191224
5,30,1.0,0.5242515900536793,0.5159532480172574
6,30,1.0,0.568873945133284,0.5357883031902416
7,30,1.0,0.6131779932152563,0.5556917191694442
8,30,1.0,0.655333015220148,0.5761574516791108
9,30,1.0,0.6950491490414272,0.5973365440630497
10,30,1.0,0.7330935856675154,0.621162979894335
11,30,1.0,0.7706176464777315,0.6444764528571341
12,30,1.0,0.8081417072879475,0.6687741384801007
13,30,1.0,0.8424996128932232,0.6941868437789173
14,30,1.0,0.8765889765115085,0.7213648884852483
15,30,1.0,0.910670730407692,0.7493475108344901
16,30,1.0,0.9460853999909316,0.7773301331837318
17,30,1.0,0.9800815842151043,0.805312755532974
18,30,1.0,1.0104813209341297,0.8330374717131279
19,30,1.0,1.0381994454568555,0.8571914865385181
20,30,1.0,1.064425243565394,0.8809130410700959
21,30,1.0,1.0827660177011609,0.9046345956016738
22,30,1.0,1.0933632092010517,0.9271911426004272
23,30,1.0,1.1025785700103292,0.948794382244582
24,30,1.0,1.1092113441434799,0.967977157882656
25,30,1.0,1.1114749188447774,0.984758257986723
26,30,1.0,1.1125993166641412,1.001608407956224
27,30,1.0,1.112325241932327,1.0191194029925648
28,30,1.0,1.1108448137194544,1.0388391671395856
0,30,1.5,0.12618299399897218,0.06438438819528923
1,30,1.5,0.1781395081260781,0.08476562282468743
2,30,1.5,0.2300960222531842,0.10601176435685773
3,30,1.5,0.28205253638029026,0.1275817420889243
4,30,1.5,0.3340090505073966,0.15101016989150862
5,30,1.5,0.3884674813390537,0.17510262366405854
6,30,1.5,0.43932960907082,0.19919507743660803
7,30,1.5,0.48956530137683146,0.2236423151211569
8,30,1.5,0.5390809884719003,0.24797945475572264
9,30,1.5,0.5882426415859097,0.2729767462469317
10,30,1.5,0.6368195049282641,0.2996824857502633
11,30,1.5,0.6839606938225125,0.3262904325814745
12,30,1.5,0.7348912255562485,0.3539827598934176
13,30,1.5,0.7851222240225131,0.3818676379329777
14,30,1.5,0.8319460423110485,0.4096677445793692
15,30,1.5,0.8747875098846942,0.44081637903784693
16,30,1.5,0.9156694949123128,0.4743977050712583
17,30,1.5,0.953891275630558,0.5095353534571438
18,30,1.5,0.9829387358382773,0.5466833500102437
19,30,1.5,1.0095989444190414,0.5846992123818332
20,30,1.5,1.037710972655653,0.6227150747534225
21,30,1.5,1.0632755110491978,0.6605038251628097
22,30,1.5,1.08162411476988,0.695967057825586
23,30,1.5,1.093176648818591,0.7306504043634945
24,30,1.5,1.1043532803756098,0.7643711804425439
25,30,1.5,1.114119103787917,0.7974140938313197
26,30,1.5,1.119044782349619,0.8240590150376815
27,30,1.5,1.120929705854892,0.8515535701043508
28,30,1.5,1.121742980054415,0.8790481251710203
0,30,2.0,0.016240363842417532,-0.17528831841332926
1,30,2.0,0.0668454491808263,-0.16061623213870652
2,30,2.0,0.11831560873126878,-0.14594246273012235
3,30,2.0,0.1716072983742739,-0.12861652455820416
4,30,2.0,0.22769407090358046,-0.10947909605620927
5,30,2.0,0.28384550933226754,-0.0852851234402192
6,30,2.0,0.3398471723527244,-0.05778357908506275
7,30,2.0,0.3965326043170069,-0.028685272729535985
8,30,2.0,0.45526193403042375,0.0008899130070387368
9,30,2.0,0.5139529799924007,0.03295157621081739
10,30,2.0,0.5687148071409143,0.06502100512104035
11,30,2.0,0.6245237625124382,0.09709391175462391
12,30,2.0,0.6801909494295277,0.12916681838820737
13,30,2.0,0.7358581363466168,0.1612397250217909
14,30,2.0,0.7897561111068037,0.19384258322216547
15,30,2.0,0.8416298101502566,0.22752302018258502
16,30,2.0,0.8932628572457744,0.2627554660658851
17,30,2.0,0.9463289447933072,0.29877790178423846
18,30,2.0,0.9905323764441594,0.3354466231333026
19,30,2.0,1.0270824817620408,0.37127692818733765
20,30,2.0,1.059139680323619,0.40860666049248723
21,30,2.0,1.0871217524224148,0.448019254643551
22,30,2.0,1.1145612113413295,0.4874318487946146
23,30,2.0,1.1418116336057487,0.5289617694575949
24,30,2.0,1.161178713301068,0.5694792143342747
25,30,2.0,1.1722805163193708,0.6071595857509996
26,30,2.0,1.1830579032403294,0.6448671862759261
27,30,2.0,1.1886021610919693,0.6837182269532174
28,30,2.0,1.1918504014910691,0.7179550269539711
0,30,2.5,-0.08836866703443698,-0.2765807958503706
1,30,2.5,-0.03854240445521462,-0.2533499835934573
2,30,2.5,0.012232162083578302,-0.22897091359816452
3,30,2.5,0.06533598523706124,-0.20461167448680223
4,30,2.5,0.11927047665113827,-0.1811714452083491
5,30,2.5,0.1747902765615617,-0.15783137561738939
6,30,2.5,0.2303100764719852,-0.13449130602643017
7,30,2.5,0.28582987638240887,-0.10924736706991074
8,30,2.5,0.34134967629283247,-0.08248754976541253
9,30,2.5,0.39686947620325574,-0.05539361452265937
10,30,2.5,0.44939724689756694,-0.026374744785305757
11,30,2.5,0.5003555231064849,0.002644124952047938
12,30,2.5,0.5490560340947246,0.03166299468940152
13,30,2.5,0.5974560529816959,0.06068186442675515
14,30,2.5,0.646221978751458,0.0906288438201628
15,30,2.5,0.6981016372219613,0.1206585307803223
16,30,2.5,0.7499812956924645,0.15157484070052119
17,30,2.5,0.8017108395078061,0.18366055523158298
18,30,2.5,0.852687890330684,0.21694219928654523
19,30,2.5,0.9036649411535616,0.2502238433415071
20,30,2.5,0.9513311436704737,0.28452704620540104
21,30,2.5,0.9976257056339335,0.3206190419123749
22,30,2.5,1.04116480583786,0.35706549342781685
23,30,2.5,1.0830838667435312,0.39405120298939367
24,30,2.5,1.11966589102616,0.43147032038531147
25,30,2.5,1.1484975632116583,0.4686789502377145
26,30,2.5,1.1727689400515549,0.5045065582793303
27,30,2.5,1.1910036029641886,0.5411045844693387
28,30,2.5,1.199857257745863,0.5786931326058643
0,35,0.5,0.44458909600560476,0.7766418293090573
1,35,0.5,0.49072553824170334,0.7886772017477909
2,35,0.5,0.5365454633603908,0.8026649243623127
3,35,0.5,0.5811958105137014,0.8181537795838855
4,35,0.5,0.6224154394457453,0.8336043593461442
5,35,0.5,0.6633295187108081,0.8503332117785228
6,35,0.5,0.7034700697858163,0.8673346548435538
7,35,0.5,0.7432290752418642,0.8840604472019766
8,35,0.5,0.7812340724566398,0.9007850258796258
9,35,0.5,0.8192390696714151,0.9175096045572747
10,35,0.5,0.8572440668861907,0.9339069514140478
11,35,0.5,0.8948576838907047,0.9502683594197238
12,35,0.5,0.9293423862611887,0.9665598873620883
13,35,0.5,0.9613197485012641,0.9855877792404687
14,35,0.5,0.9926971121359209,1.006638450602316
15,35,0.5,1.0232215996367071,1.0276891219641633
16,35,0.5,1.0516867078368148,1.0493531357932364
17,35,0.5,1.0816386954888533,1.0706199488938482
18,35,0.5,1.1115379059408692,1.092151634343438
19,35,0.5,1.1368072803933658,1.1146817216336158
20,35,0.5,1.1620766548458616,1.1372169835064803
21,35,0.5,1.18359067849974,1.1609638020527215
22,35,0.5,1.1985928801662875,1.183166395478027
23,35,0.5,1.2090696191323307,1.205368988903332
24,35,0.5,1.2184889593467374,1.2254967002956534
25,35,0.5,1.2241370948757637,1.2412508273024376
26,35,0.5,1.2254008806215508,1.2564058095542945
27,35,0.5,1.2250491198043358,1.2723364473243408
28,35,0.5,1.2254889395756676,1.2880141365217475
0,35,1.0,0.3702464709115906,0.47963318033966335
1,35,1.0,0.4206124394527036,0.4966273495356716
2,35,1.0,0.47097840799381624,0.5139428414695939
3,35,1.0,0.5213443765349295,0.5327824832031418
4,35,1.0,0.5713965785562185,0.5525115927216212
5,35,1.0,0.6154304355674738,0.5739428258118837
6,35,1.0,0.6565247671185546,0.5937003178648274
7,35,1.0,0.6964451703803931,0.6168782318451922
8,35,1.0,0.7363655736422308,0.640056145825557
9,35,1.0,0.7762859769040691,0.6634176684215107
10,35,1.0,0.816206380165907,0.6868688180604626
11,35,1.0,0.8550250104398625,0.7108732277095005
12,35,1.0,0.8927533406906374,0.7364815246879683
13,35,1.0,0.9327702740900787,0.7597173604167338
14,35,1.0,0.9712547656406625,0.7842170747682862
15,35,1.0,1.0077381583720648,0.8090839866632524
16,35,1.0,1.0442215511034674,0.8339508985582189
17,35,1.0,1.079846027156389,0.8588178104531855
18,35,1.0,1.1101551147788262,0.8835954691692238
19,35,1.0,1.1397280520500197,0.9086907491249131
20,35,1.0,1.165039024200112,0.9344589360875114
21,35,1.0,1.1852974912949554,0.958429788377749
22,35,1.0,1.197128983026959,0.9818480426189385
23,35,1.0,1.208442578169718,1.0055705018729058
24,35,1.0,1.2176497911444693,1.0267366979905697
25,35,1.0,1.2212070573978946,1.0466947035063179
26,35,1.0,1.2224396234403847,1.0646933193857768
27,35,1.0,1.2222847731657542,1.0813778415458757
28,35,1.0,1.2207561254945651,1.1002894370193959
0,35,1.5,0.2220098759648847,0.14208787597224642
1,35,1.5,0.2768397031834916,0.15945645400411762
2,35,1.5,0.3316695304020987,0.18027301229383919
3,35,1.5,0.38649935762070553,0.201425660460876
4,35,1.5,0.44132918483931255,0.2248338951120758
5,35,1.5,0.49601247321191183,0.24892634888462567
6,35,1.5,0.5497556716429541,0.27297353173714617
7,35,1.5,0.6034988700739969,0.2970188670518004
8,35,1.5,0.6566843969490044,0.32285652035174034
9,35,1.5,0.709809060290238,0.34922986594541133
10,35,1.5,0.7631813111466594,0.37668549671053225
11,35,1.5,0.8142431635014593,0.40478975380901555
12,35,1.5,0.8615969554334444,0.43306684036224835
13,35,1.5,0.9099737914970931,0.4672718055098472
14,35,1.5,0.9570120904295096,0.5016666841212176
15,35,1.5,1.003200901398629,0.5355909674649478
16,35,1.5,1.048663942989202,0.5693763733489036
17,35,1.5,1.0904014236056494,0.6033467663053621
18,35,1.5,1.1270009269251962,0.6385114835600106
19,35,1.5,1.1563318372253482,0.6758673455194266
20,35,1.5,1.1854848406654672,0.7142910705080945
21,35,1.5,1.213621341590142,0.7517298088373197
22,35,1.5,1.2367217264459156,0.7891002872330728
23,35,1.5,1.251022569977052,0.826470765628826
24,35,1.5,1.2629199782342166,0.8645454928001669
25,35,1.5,1.2735673236785503,0.897824528057673
26,35,1.5,1.2804052063599372,0.9292398520047084
27,35,1.5,1.2838963648410653,0.9595411983079961
28,35,1.5,1.2857430429658423,0.9876984225734654
0,35,2.0,0.12096854540061613,-0.11440826606202241
1,35,2.0,0.17864071827503308,-0.10062078547942734
2,35,2.0,0.2377425318709644,-0.08348029712991901
3,35,2.0,0.29674214197311133,-0.0641938243197576
4,35,2.0,0.3557417520752588,-0.04326028716435397
5,35,2.0,0.41503418281301985,-0.01857836907551659
6,35,2.0,0.47376351252643684,0.008215002508450073
7,35,2.0,0.5323298235953502,0.03659299306982357
8,35,2.0,0.5900871143958233,0.06675972042492857
9,35,2.0,0.6478444051962959,0.09737633410548886
10,35,2.0,0.7056016959967693,0.13006492909865908
11,35,2.0,0.7633589867972419,0.16375767695554672
12,35,2.0,0.8193794679912971,0.19831982761847394
13,35,2.0,0.8727655907760619,0.2328819782814014
14,35,2.0,0.9260432905194125,0.2684154063680823
15,35,2.0,0.9782608500086576,0.30402609850985624
16,35,2.0,1.0277450401389212,0.340563904919018
17,35,2.0,1.0779702162067393,0.377637009582937
18,35,2.0,1.1255660074050788,0.4166192190572053
19,35,2.0,1.1663392140347737,0.45758944240301674
20,35,2.0,1.2015797625766804,0.5009857502338337
21,35,2.0,1.2301676529535175,0.5447170466259623
22,35,2.0,1.2586340330591415,0.5870258478800595
23,35,2.0,1.2859054442720377,0.6294511164136048
24,35,2.0,1.299248087036737,0.6726401608874837
25,35,2.0,1.311376285657462,0.716470471009298
26,35,2.0,1.3235044842781867,0.7599054071844282
27,35,2.0,1.3349274342811723,0.8027797804759298
28,35,2.0,1.3401849614807773,0.8420024454142864
0,35,2.5,0.03854904689858911,-0.23666939382159663
1,35,2.5,0.09028311395851779,-0.21201746067458022
2,35,2.5,0.14340522001236292,-0.1866568173251945
3,35,2.5,0.19845023575313142,-0.160713424131717
4,35,2.5,0.25397003566355464,-0.1345461312368245
5,35,2.5,0.310242865584673,-0.10713184948033241
6,35,2.5,0.36690512157055744,-0.07668915743348635
7,35,2.5,0.4235673775564414,-0.048161414385076776
8,35,2.5,0.480229633542326,-0.019998021204539446
9,35,2.5,0.5368918895282107,0.008884897121377522
10,35,2.5,0.5935541455140947,0.038096574802189684
11,35,2.5,0.6472300011721623,0.06932188272325433
12,35,2.5,0.6993307334565417,0.10079261283692152
13,35,2.5,0.7496698008154399,0.1325638470974404
14,35,2.5,0.7998041328392897,0.16523228155087555
15,35,2.5,0.849851168825982,0.19790071600430975
16,35,2.5,0.8988405662274244,0.23056915045774473
17,35,2.5,0.9488929828333594,0.26422287769614317
18,35,2.5,1.0012315070105757,0.2994332166374664
19,35,2.5,1.0535700311877918,0.3346296708764442
20,35,2.5,1.105908555365008,0.37003972650091577
21,35,2.5,1.1541840915779882,0.4056583012792811
22,35,2.5,1.2002852858847401,0.44172773329690457
23,35,2.5,1.2419000664716868,0.4791468506928222
24,35,2.5,1.2807498389323069,0.5165659680887401
25,35,2.5,1.3126761169949164,0.5539850854846577
26,35,2.5,1.3374096169475966,0.5914042028805753
27,35,2.5,1.3487822490282753,0.6288233202764929
28,35,2.5,1.3601548811089543,0.666242437672411
0,40,0.5,0.5430833651799036,0.8407760143741115
1,40,0.5,0.5872724666670359,0.8547693185973911
2,40,0.5,0.6327121818014663,0.8695266240853838
3,40,0.5,0.6744800705198917,0.8857853989756066
4,40,0.5,0.7123602377844667,0.9020441738658288
5,40,0.5,0.7495976968985449,0.9183029487560509
6,40,0.5,0.787075024483211,0.9345617236462737
7,40,0.5,0.8248022227232712,0.950820498536496
8,40,0.5,0.8625294209633316,0.9680718808116556
9,40,0.5,0.9003040814876524,0.985176385902445
10,40,0.5,0.9351975345880841,1.0018507200356905
11,40,0.5,0.9700909876885153,1.0184513423515575
12,40,0.5,1.0049844407889474,1.0350759393516833
13,40,0.5,1.0387520856781,1.0544410510681246
14,40,0.5,1.0692765731788862,1.0739105749151356
15,40,0.5,1.1026408275460884,1.0933800987621467
16,40,0.5,1.1367213949910846,1.112849622609158
17,40,0.5,1.1689056940054718,1.132745404717903
18,40,0.5,1.2006744668241127,1.154193727563218
19,40,0.5,1.2294648737129643,1.1780596080788794
20,40,0.5,1.2549928312720375,1.2026722251122424
21,40,0.5,1.278781029231666,1.2290591980062162
22,40,0.5,1.2951765796606705,1.2533855357176145
23,40,0.5,1.3022762282190663,1.2775926473521217
24,40,0.5,1.3093758767774628,1.3017997589866295
25,40,0.5,1.3152485448148732,1.322305213477926
26,40,0.5,1.3172808519861718,1.3414009727264289
27,40,0.5,1.3174667491337502,1.3573458238340974
28,40,0.5,1.3141762548436222,1.3730298323231291
0,40,1.0,0.458523239224979,0.5502700127821024
1,40,1.0,0.5086242096317024,0.5664690672603496
2,40,1.0,0.5569724350421452,0.5839190839753368
3,40,1.0,0.6026014536311701,0.601369100690324
4,40,1.0,0.648132388981584,0.6215064742019887
5,40,1.0,0.6936633243319981,0.6419474299265787
6,40,1.0,0.7391644063952292,0.6616350899171353
7,40,1.0,0.7808584058028527,0.6817442408610737
8,40,1.0,0.8204590596903982,0.7011656217613127
9,40,1.0,0.8611811291337563,0.7212052218364701
10,40,1.0,0.9039104089276468,0.7428163013723615
11,40,1.0,0.9466396887215376,0.765138808094748
12,40,1.0,0.9888843294336938,0.7874613148171349
13,40,1.0,1.0294133956179101,0.8112205956141016
14,40,1.0,1.0699424618021274,0.8352385930627383
15,40,1.0,1.1079944420063224,0.859259391684923
16,40,1.0,1.141956994136499,0.8836387456464102
17,40,1.0,1.1750574371662679,0.9095469270866624
18,40,1.0,1.2058518424445361,0.9354551085269135
19,40,1.0,1.2344606415742343,0.9613632899671652
20,40,1.0,1.2619964942117967,0.9882925980603358
21,40,1.0,1.289528241614827,1.0154129471725386
22,40,1.0,1.3059022930346142,1.0415822441439901
23,40,1.0,1.3177037243633363,1.0667339967180842
24,40,1.0,1.3288454861658543,1.0902685718567395
25,40,1.0,1.3347794522599645,1.1112178473793202
26,40,1.0,1.333836281897732,1.1319656255800359
27,40,1.0,1.331687895489415,1.1532234720093544
28,40,1.0,1.3276655191855626,1.17449516633311
0,40,1.5,0.3305315502623741,0.21568383471228342
1,40,1.5,0.38539124863994584,0.2343090558553969
2,40,1.5,0.4403832460451625,0.2537319664427345
3,40,1.5,0.49491258480958217,0.2732569302318985
4,40,1.5,0.5487632307293593,0.2947601229889619
5,40,1.5,0.6026138766491362,0.31626331574602534
6,40,1.5,0.6607815223977913,0.33910254168805004
7,40,1.5,0.7190483393544671,0.3652350953252957
8,40,1.5,0.7773151563111433,0.3917955999855801
9,40,1.5,0.8328582721011437,0.4193806714878268
10,40,1.5,0.8867952890868775,0.44899591570958103
11,40,1.5,0.9367070813825911,0.4833955218822626
12,40,1.5,0.9842545010491475,0.5175555480972022
13,40,1.5,1.0318164490296011,0.5524463791853962
14,40,1.5,1.0801533585086631,0.58733721027359
15,40,1.5,1.1244698967926703,0.6222280413617839
16,40,1.5,1.166948882198372,0.6568302396970744
17,40,1.5,1.21080583984811,0.6904301762491133
18,40,1.5,1.2505611730984212,0.7248656867647234
19,40,1.5,1.287362050125587,0.7609282180354243
20,40,1.5,1.3167945556917162,0.7990676233943786
21,40,1.5,1.3460240050352372,0.8367912833571038
22,40,1.5,1.3724635146534216,0.8757440289203813
23,40,1.5,1.387588626999209,0.9143577592859998
24,40,1.5,1.4019727118642162,0.9487850064762052
25,40,1.5,1.4159126196306688,0.9816754024807236
26,40,1.5,1.4288876708784857,1.0135729351848877
27,40,1.5,1.4366557208074855,1.0444641978090867
28,40,1.5,1.4415838500107871,1.072714494217681
0,40,2.0,0.22788130575768312,-0.040722480762907506
1,40,2.0,0.2872601582423922,-0.023029358058577268
2,40,2.0,0.3468791789527861,-0.0037230065352570757
3,40,2.0,0.40904040261106916,0.016464503441242298
4,40,2.0,0.4712016262693511,0.03654376418593046
5,40,2.0,0.5323610637768144,0.05662302493061851
6,40,2.0,0.5934865372317983,0.07778808724494833
7,40,2.0,0.6546120106867825,0.10217005093968755
8,40,2.0,0.7156819876794449,0.12989486467383154
9,40,2.0,0.7763356682065543,0.16056998442340148
10,40,2.0,0.8369893487336639,0.19329735298962875
11,40,2.0,0.8961394163679917,0.22880089695865002
12,40,2.0,0.9538967071684643,0.2643044409276713
13,40,2.0,1.0116539979689376,0.30029146106289284
14,40,2.0,1.0694112887694105,0.3370465372549984
15,40,2.0,1.1240469673806321,0.3750998311780683
16,40,2.0,1.177737575334778,0.41534978152237095
17,40,2.0,1.2280573067307636,0.459039772529143
18,40,2.0,1.2760005877675482,0.5042570919323873
19,40,2.0,1.3221048446021875,0.5485599292609596
20,40,2.0,1.357091334725567,0.5929397396583729
21,40,2.0,1.385223178629349,0.6381408167889219
22,40,2.0,1.4104030170149764,0.6833418939194704
23,40,2.0,1.4342187365732328,0.7285429710500195
24,40,2.0,1.445534766212793,0.7718441332765138
25,40,2.0,1.4568300851408897,0.8151207568936489
26,40,2.0,1.4680924256505288,0.8583973805107838
27,40,2.0,1.475974229148392,0.9029473287656516
28,40,2.0,1.4800680258112358,0.9466745204759143
0,40,2.5,0.16909803944104485,-0.17951979261703044
1,40,2.5,0.22254013053741373,-0.15905465068181357
2,40,2.5,0.27773921417638314,-0.1378121149717148
3,40,2.5,0.33348607826917565,-0.1135579708314188
4,40,2.5,0.3892329423619681,-0.08531890886940484
5,40,2.5,0.44497980645476093,-0.0563363798918169
6,40,2.5,0.5007266705475533,-0.025072370092034266
7,40,2.5,0.5564785117408759,0.006612816311894212
8,40,2.5,0.612238442610394,0.03829800271582322
9,40,2.5,0.6685985463238859,0.06998318911975253
10,40,2.5,0.7250754448772028,0.10166837552368148
11,40,2.5,0.7811864108714255,0.13348290695572695
12,40,2.5,0.83446249425261,0.16506464040754026
13,40,2.5,0.8869463531033499,0.19770703713135296
14,40,2.5,0.9383260759735654,0.23034943385516532
15,40,2.5,0.9891576733950345,0.263163553496943
16,40,2.5,1.0399892708165035,0.29754588094531853
17,40,2.5,1.0908208682379725,0.33398085829871327
18,40,2.5,1.1416524656594413,0.3704202789778406
19,40,2.5,1.190700271354716,0.40685969965696805
20,40,2.5,1.241049943956758,0.4432927434620673
21,40,2.5,1.290876517826919,0.4796589882578985
22,40,2.5,1.3368807051706089,0.5160252330537295
23,40,2.5,1.380867779577768,0.552391477849561
24,40,2.5,1.4183707144060955,0.5901366082205926
25,40,2.5,1.4521062915597294,0.6285707574430774
26,40,2.5,1.4707092517055258,0.6682910220454144
27,40,2.5,1.4851307778702252,0.7092349173800967
28,40,2.5,1.4971590220437492,0.7525543335851231
0,45,0.5,0.6353504576205127,0.9048437133081325
1,45,0.5,0.6764392503708583,0.920302575177354
2,45,0.5,0.7171308209777822,0.9353912301809787
3,45,0.5,0.7579152052397664,0.9498772541599386
4,45,0.5,0.7986664502324261,0.9643632781388981
5,45,0.5,0.8393386619551368,0.9793344544851196
6,45,0.5,0.8770230180264555,0.9958785131820002
7,45,0.5,0.912765043909715,1.0127333978197757
8,45,0.5,0.9485070697929741,1.0296882784786188
9,45,0.5,0.9842490956762331,1.0467122231218822
10,45,0.5,1.0194300893760309,1.0635004592467923
11,45,0.5,1.0533285383462292,1.0821537591296342
12,45,0.5,1.0901159647296896,1.103190371925224
13,45,0.5,1.1271076784125562,1.1241832078142504
14,45,0.5,1.1622272428075882,1.1455472330521677
15,45,0.5,1.1939114641474202,1.167166701003941
16,45,0.5,1.2228577381165968,1.1883626175510853
17,45,0.5,1.2519356577175023,1.21101352011561
18,45,0.5,1.2787535260477418,1.2337415157404972
19,45,0.5,1.3044069900720732,1.2564695113653843
20,45,0.5,1.3287445292576185,1.2791975069902717
21,45,0.5,1.3530820684431637,1.3028094915413624
22,45,0.5,1.372593902959326,1.324536069845188
23,45,0.5,1.379671124715805,1.3474580714119901
24,45,0.5,1.3867589289277518,1.3706905241584832
25,45,0.5,1.391438591064255,1.393560056866315
26,45,0.5,1.3943752547379382,1.414797080457866
27,45,0.5,1.3966228453724576,1.4351834303431314
28,45,0.5,1.3973754098333815,1.4551184734784384
0,45,1.0,0.5483778312597276,0.6154653520590297
1,45,1.0,0.5918020635332568,0.6332421532891658
2,45,1.0,0.6373329988836709,0.6505695971384516
3,45,1.0,0.682863934234085,0.6669697318465357
4,45,1.0,0.7283948695844991,0.6833698665546196
5,45,1.0,0.7739258049349129,0.6998503968008616
6,45,1.0,0.8218060259774242,0.7163666918985268
7,45,1.0,0.869559948226762,0.7328829869961927
8,45,1.0,0.9165110630763529,0.7503697130094209
9,45,1.0,0.963403184101896,0.7686455609071734
10,45,1.0,1.0048358371503365,0.7891395624953523
11,45,1.0,1.0450292487255919,0.8110232069107145
12,45,1.0,1.0852226603008468,0.8337716271800502
13,45,1.0,1.1254160718761022,0.8573138950901456
14,45,1.0,1.1643789528994162,0.882895923159536
15,45,1.0,1.2025097177940542,0.9086518436328018
16,45,1.0,1.2406404826886932,0.9344077641060674
17,45,1.0,1.2754103590079273,0.9605518591068597
18,45,1.0,1.30631099468191,0.9865168750444876
19,45,1.0,1.3349978433349305,1.014490046957501
20,45,1.0,1.362128720382817,1.0429650385979212
21,45,1.0,1.3868143199474539,1.071439991690043
22,45,1.0,1.407530270902763,1.0978014768958504
23,45,1.0,1.4189423655739355,1.1239320089513611
24,45,1.0,1.4291583400708712,1.150062541006873
25,45,1.0,1.4346495518185425,1.1732388306162425
26,45,1.0,1.433091488414411,1.1937545718384734
27,45,1.0,1.4310676973072722,1.2161702215910062
28,45,1.0,1.4284115950638172,1.2391941164278149
0,45,1.5,0.43795031864110673,0.29385877519000103
1,45,1.5,0.4916887286660107,0.3111772565565472
2,45,1.5,0.5456924628694833,0.32849573792309333
3,45,1.5,0.6031084482083864,0.3469237061649205
4,45,1.5,0.6610759943884563,0.36618565049437624
5,45,1.5,0.7190435405685263,0.3854475948238318
6,45,1.5,0.7764901178964312,0.40599520514448434
7,45,1.5,0.8301456900873256,0.4278165496395498
8,45,1.5,0.8838012622782199,0.4545372178399402
9,45,1.5,0.9374568344691145,0.48510895099432144
10,45,1.5,0.9911124066600088,0.5185665774858649
11,45,1.5,1.044389081768446,0.5521414932656793
12,45,1.5,1.093591130000093,0.5857164090454937
13,45,1.5,1.1414883656110666,0.6192913248253084
14,45,1.5,1.1858581220402007,0.6519952918504508
15,45,1.5,1.2308344682089838,0.6861600659596852
16,45,1.5,1.27708443168035,0.7211771226728977
17,45,1.5,1.3218661123432254,0.7566557175807418
18,45,1.5,1.364760973870691,0.7907105270788329
19,45,1.5,1.4044855623283268,0.8245612388052168
20,45,1.5,1.4413910643912746,0.8573781343036891
21,45,1.5,1.4723595283782716,0.8930087293911276
22,45,1.5,1.5003834667891565,0.9289452858141111
23,45,1.5,1.5137115930615908,0.9648818422370943
24,45,1.5,1.5256075441895134,1.0004173766738067
25,45,1.5,1.5361038209557192,1.0354684527305003
26,45,1.5,1.5462431948215836,1.0710303946443687
27,45,1.5,1.5520179128854046,1.1079685127381733
28,45,1.5,1.5570481146984376,1.1458469773933107
0,45,2.0,0.3375457205908314,0.03849946624483218
1,45,2.0,0.3997069442491137,0.05794332869385575
2,45,2.0,0.4611676362303096,0.07764711274855647
3,45,2.0,0.5222931096852936,0.09783005665025406
4,45,2.0,0.5834185831402776,0.11894680086513741
5,45,2.0,0.6445440565952616,0.14006354508002067
6,45,2.0,0.7056695300502456,0.16118028929490408
7,45,2.0,0.7668648455522049,0.18305376224815456
8,45,2.0,0.8283918970772943,0.2051832319243337
9,45,2.0,0.8899189486023837,0.22869840465218771
10,45,2.0,0.9514460001274729,0.2551486674672816
11,45,2.0,1.0129730516525624,0.28796138987308595
12,45,2.0,1.074500103177652,0.3234649338421071
13,45,2.0,1.1360271547027416,0.36023456068466797
14,45,2.0,1.1975542062278306,0.4002601552892873
15,45,2.0,1.2586284027244163,0.44564890670471063
16,45,2.0,1.3194513040969018,0.4922557586473209
17,45,2.0,1.3780127013339682,0.5396123523239956
18,45,2.0,1.4295513229556487,0.5869689460006703
19,45,2.0,1.476356041076132,0.6348688367214235
20,45,2.0,1.5153697920988909,0.6834080923546183
21,45,2.0,1.5434843643214828,0.7319473479878128
22,45,2.0,1.5680417094269965,0.7804866036210076
23,45,2.0,1.5864310256678242,0.8288071279903567
24,45,2.0,1.5976815483222002,0.8750672427424743
25,45,2.0,1.606614704234424,0.9213273574945927
26,45,2.0,1.616582610648623,0.9662636927748006
27,45,2.0,1.6221837696872854,1.010599354013505
28,45,2.0,1.6246153534141667,1.054329655384875
0,45,2.5,0.3020352220507118,-0.10853207743364379
1,45,2.5,0.35821172790308664,-0.0880571987323093
2,45,2.5,0.41438823375546163,-0.06291963068576298
3,45,2.5,0.4700026044034716,-0.037209018828060395
4,45,2.5,0.52576253527299,-0.01149840697035738
5,45,2.5,0.5826738131152633,0.014212204887345398
6,45,2.5,0.6389990491382833,0.04187542735565099
7,45,2.5,0.6951100151325067,0.07003254797491874
8,45,2.5,0.751572644637774,0.09902487865033215
9,45,2.5,0.8083226820356277,0.13124269652968185
10,45,2.5,0.8650727194334822,0.16418856225485778
11,45,2.5,0.9218227568313364,0.1971909003312255
12,45,2.5,0.9785727942291909,0.23058969634049603
13,45,2.5,1.0324933024058667,0.26512985932117844
14,45,2.5,1.0843622604600571,0.3020700948352515
15,45,2.5,1.1347723770657976,0.3393810821792384
16,45,2.5,1.1841771683242157,0.3753187924823706
17,45,2.5,1.2335819595826343,0.4121410861917629
18,45,2.5,1.2829787123804683,0.44896337990115526
19,45,2.5,1.3317616513354213,0.48578567361054764
20,45,2.5,1.3805445902903755,0.5226079673199401
21,45,2.5,1.42835576334203,0.5595477089444831
22,45,2.5,1.4738565970887885,0.5983778963287749
23,45,2.5,1.516754899930038,0.6373806087607042
24,45,2.5,1.5556644153938848,0.6763426435285469
25,45,2.5,1.5879861330699403,0.7173704275215181
26,45,2.5,1.6048109096372325,0.7618391185501578
27,45,2.5,1.6223677991574819,0.8063078095787971
28,45,2.5,1.6380119483532156,0.8531956748428335
0,50,0.5,0.7231043800664982,0.9608654840100347
1,50,0.5,0.7627953865045269,0.9766984703134566
2,50,0.5,0.8022159200135452,0.9922820853364768
3,50,0.5,0.8396917615700119,1.0079962654876307
4,50,0.5,0.8772519243332817,1.0239373893308719
5,50,0.5,0.9158591903407862,1.039211939168374
6,50,0.5,0.9550983965514694,1.0544864890058765
7,50,0.5,0.9943376027621535,1.0697610388433791
8,50,0.5,1.035378823402889,1.0875500094441817
9,50,0.5,1.0705678282301476,1.1070060917789444
10,50,0.5,1.1060570095013624,1.126744309179717
11,50,0.5,1.1405278945678987,1.1465514219467927
12,50,0.5,1.1740494260991514,1.1663585347138683
13,50,0.5,1.2075709576304046,1.1863700896950415
14,50,0.5,1.2410924891616577,1.2084520949937907
15,50,0.5,1.2708927155160563,1.231312460667363
16,50,0.5,1.2994952882667983,1.2539994149598759
17,50,0.5,1.3278147937471638,1.2766863692523887
18,50,0.5,1.356146181023714,1.2993733235449012
19,50,0.5,1.381975990710793,1.322060277837414
20,50,0.5,1.4057420661584763,1.3447472321299265
21,50,0.5,1.4273244622330419,1.367434186422439
22,50,0.5,1.4489068583076072,1.3887814966713408
23,50,0.5,1.4642226264708784,1.4089249767335286
24,50,0.5,1.4709720709664473,1.4299074679072699
25,50,0.5,1.4758657008792202,1.451765043424609
26,50,0.5,1.4800792217696603,1.4762622162192403
27,50,0.5,1.4812940995188173,1.4998098620251705
28,50,0.5,1.4818717504277898,1.5195447775583917
0,50,1.0,0.6332451318489702,0.6759125232302331
1,50,1.0,0.6762843273038375,0.6932660911827937
2,50,1.0,0.7194144585704947,0.7106196591353544
3,50,1.0,0.7657054602740807,0.727973227087915
4,50,1.0,0.8145090261876298,0.74444071130124
5,50,1.0,0.8618697478150983,0.7600484163030035
6,50,1.0,0.9082936873113632,0.7783180058454447
7,50,1.0,0.9543086562023411,0.79720025193771
8,50,1.0,0.9987295166148082,0.8175408900457442
9,50,1.0,1.0431503770272752,0.838576645711393
10,50,1.0,1.0874280863965566,0.8596124013770412
11,50,1.0,1.1309662597897236,0.8810213086336702
12,50,1.0,1.1728529222999569,0.9040879269855094
13,50,1.0,1.2088518617316844,0.9286181943154973
14,50,1.0,1.2448508011634125,0.9541912541461349
15,50,1.0,1.2808497405951407,0.979764313976773
16,50,1.0,1.3148634476129657,1.0053373738074112
17,50,1.0,1.348814956863862,1.030910433638049
18,50,1.0,1.3805794244216016,1.0564834934686869
19,50,1.0,1.4074132087102786,1.0820565532993247
20,50,1.0,1.433638393812878,1.107200050547335
21,50,1.0,1.4598635789154775,1.1335606240358547
22,50,1.0,1.4860887640180775,1.160798876166082
23,50,1.0,1.5010172277180507,1.1869294082215935
24,50,1.0,1.5127829084793067,1.2130599402771043
25,50,1.0,1.5232974937519734,1.2392389899418434
26,50,1.0,1.5252888829407412,1.2665353093899383
27,50,1.0,1.5257737917666356,1.2896782345895208
28,50,1.0,1.5236498172309378,1.3118774286429777
0,50,1.5,0.5480587196847835,0.3619966786277604
1,50,1.5,0.6028001074694587,0.38065877408248855
2,50,1.5,0.6597654188185185,0.3995508063862448
3,50,1.5,0.7177435231951106,0.4188127507157004
4,50,1.5,0.7730705583972277,0.4380746950451561
5,50,1.5,0.8267261305881222,0.4575651368058618
6,50,1.5,0.8803817027790168,0.4824942556070731
7,50,1.5,0.9340372749699108,0.5087877258927611
8,50,1.5,0.9876928471608051,0.5358457979343304
9,50,1.5,1.0398509978657644,0.5656681572531905
10,50,1.5,1.0889191737668342,0.5961902372497727
11,50,1.5,1.1379461922270109,0.6267123172463542
12,50,1.5,1.1854663597425326,0.6572017806980879
13,50,1.5,1.232561845402239,0.6868739515140697
14,50,1.5,1.2796573310619457,0.7183331337472398
15,50,1.5,1.3297215807714877,0.7510653079385411
16,50,1.5,1.3771813605403975,0.7835458950783556
17,50,1.5,1.4202344477179578,0.8162279002350054
18,50,1.5,1.460222957341964,0.8496623521431034
19,50,1.5,1.4981193526362655,0.8826199386044596
20,50,1.5,1.5358910909630017,0.9157937246675677
21,50,1.5,1.5671968552061817,0.9493843587781122
22,50,1.5,1.5972377255901922,0.9861936765405585
23,50,1.5,1.6120537579836052,1.0230446228524057
24,50,1.5,1.6234905787718763,1.0591008823641408
25,50,1.5,1.6341740260899098,1.0964908331254655
26,50,1.5,1.6443342387305566,1.1338807838867906
27,50,1.5,1.6532025982770897,1.1716925474567348
28,50,1.5,1.6589486389963584,1.209571012111872
0,50,2.0,0.44628166246772455,0.12480507110722373
1,50,2.0,0.5081562331168263,0.14592181532210696
2,50,2.0,0.5700308037659279,0.1670385595369902
3,50,2.0,0.6319053744150298,0.18815530375187367
4,50,2.0,0.6937799450641313,0.2092720479667568
5,50,2.0,0.7556545157132328,0.23038879218164005
6,50,2.0,0.8175290863623346,0.2515055363965236
7,50,2.0,0.8794036570114367,0.27262228061140686
8,50,2.0,0.941278227660538,0.2937390248262904
9,50,2.0,1.0031527983096398,0.31485576904117346
10,50,2.0,1.0650273689587417,0.33597251325605704
11,50,2.0,1.1269019396078435,0.3572462999417881
12,50,2.0,1.1887765102569448,0.38777095785784055
13,50,2.0,1.250651080906047,0.43590647610782535
14,50,2.0,1.3125256515551482,0.48444573174102007
15,50,2.0,1.3744002222042504,0.5329849873742143
16,50,2.0,1.436274792853352,0.5815242430074093
17,50,2.0,1.494195269043968,0.6300634986406038
18,50,2.0,1.5505167341861192,0.6786027542737987
19,50,2.0,1.6061365993214451,0.7271420099069934
20,50,2.0,1.6520377064924354,0.7756812655401883
21,50,2.0,1.6913916845167232,0.8242205211733825
22,50,2.0,1.7195276506243333,0.8727597768065775
23,50,2.0,1.73101342082466,0.921299032439772
24,50,2.0,1.7363000486950466,0.9698382880729667
25,50,2.0,1.7415753542461099,1.0183775437061617
26,50,2.0,1.7468506597971725,1.0669167993393565
27,50,2.0,1.752125965348236,1.1154560549725505
28,50,2.0,1.7560919230380678,1.1625200594158727
0,50,2.5,0.4183991410448255,-0.021577607505710764
1,50,2.5,0.4791662170738718,0.0001104132397666685
2,50,2.5,0.5396165497917398,0.021798433985243754
3,50,2.5,0.5993944521503431,0.04688872553691274
4,50,2.5,0.6594833995976439,0.07293435147368478
5,50,2.5,0.7171715635613796,0.099499675894638
6,50,2.5,0.7737522841991014,0.126690445529208
7,50,2.5,0.8303330048368232,0.15437852681527053
8,50,2.5,0.8869137254745454,0.18294109218319105
9,50,2.5,0.943494446112267,0.21335733559344916
10,50,2.5,1.0000751667499888,0.2437735790037075
11,50,2.5,1.0566558873877108,0.2750479357290637
12,50,2.5,1.1132366080254326,0.30899236645412437
13,50,2.5,1.1698830435361296,0.34297015705992023
14,50,2.5,1.2236725754086066,0.37867727392341016
15,50,2.5,1.27575040717471,0.4152924113069209
16,50,2.5,1.3277748785734504,0.45467756433888823
17,50,2.5,1.3772544965811655,0.49468112048168206
18,50,2.5,1.4265776339296325,0.5358878118949684
19,50,2.5,1.4759007712781005,0.5770945033082543
20,50,2.5,1.5252239086265686,0.618301194721541
21,50,2.5,1.5745470459750366,0.6573800995918162
22,50,2.5,1.6234375797898914,0.6963021725924987
23,50,2.5,1.6703517006509183,0.7383053743343555
24,50,2.5,1.7083999174965128,0.78062965118844
25,50,2.5,1.7324836530050625,0.8229539280425248
26,50,2.5,1.7483241771153448,0.8672315960050682
27,50,2.5,1.761922742239272,0.9134613871495793
28,50,2.5,1.7755213073631997,0.9604765208977154
